zona,bairro,local,endereco,secao,denise,helenir,total
59,Capão da Porteira,EE FRANCISCO CANQUERINI,"RS 040, KM 50 - PDA. 133, CAPÃO DA PORTEIRA",32,2,3,5
59,Capão da Porteira,EE FRANCISCO CANQUERINI,"RS 040, KM 50 - PDA. 133, CAPÃO DA PORTEIRA",129,1,1,2
59,Centro,CENTRO DE FORMAÇÃO PROFISSIONAL WALTER GRAF,"RUA MARECHAL DEODORO, 220, CENTRO",177,2,1,3
59,Centro,CENTRO DE FORMAÇÃO PROFISSIONAL WALTER GRAF,"RUA MARECHAL DEODORO, 220, CENTRO",324,3,4,7
59,Centro,CENTRO DE FORMAÇÃO PROFISSIONAL WALTER GRAF,"RUA MARECHAL DEODORO, 220, CENTRO",355,0,2,2
59,Centro,COLÉGIO ADVENTISTA DE VIAMÃO,"RUA GENERAL CÂMARA, 226, CENTRO",13,1,2,3
59,Centro,COLÉGIO ADVENTISTA DE VIAMÃO,"RUA GENERAL CÂMARA, 226, CENTRO",29,2,1,3
59,Centro,COLÉGIO ADVENTISTA DE VIAMÃO,"RUA GENERAL CÂMARA, 226, CENTRO",118,1,3,4
59,Centro,COLÉGIO ADVENTISTA DE VIAMÃO,"RUA GENERAL CÂMARA, 226, CENTRO",269,1,0,1
59,Centro,COLÉGIO ADVENTISTA DE VIAMÃO,"RUA GENERAL CÂMARA, 226, CENTRO",331,1,2,3
59,Centro,COLÉGIO ADVENTISTA DE VIAMÃO,"RUA GENERAL CÂMARA, 226, CENTRO",368,1,2,3
59,Centro,COLÉGIO ADVENTISTA DE VIAMÃO,"RUA GENERAL CÂMARA, 226, CENTRO",416,3,3,6
59,Centro,COLÉGIO ESTADUAL CECILIA MEIRELES,"RUA ALCIDES MAIA, 390, CENTRO",27,2,0,2
59,Centro,COLÉGIO ESTADUAL CECILIA MEIRELES,"RUA ALCIDES MAIA, 390, CENTRO",173,2,2,4
59,Centro,COLÉGIO ESTADUAL CECILIA MEIRELES,"RUA ALCIDES MAIA, 390, CENTRO",330,1,0,1
59,Centro,COLÉGIO ESTADUAL CECILIA MEIRELES,"RUA ALCIDES MAIA, 390, CENTRO",390,3,2,5
59,Centro,COLÉGIO ESTADUAL CECILIA MEIRELES,"RUA ALCIDES MAIA, 390, CENTRO",426,2,1,3
59,Centro,COLÉGIO ESTADUAL CECILIA MEIRELES,"RUA ALCIDES MAIA, 390, CENTRO",516,1,0,1
59,Centro,COLÉGIO STELLA MARIS,"AVENIDA CEL MÁRIO ANTUNES DA VEIGA, 453, CENTRO",41,2,1,3
59,Centro,COLÉGIO STELLA MARIS,"AVENIDA CEL MÁRIO ANTUNES DA VEIGA, 453, CENTRO",135,3,2,5
59,Centro,COLÉGIO STELLA MARIS,"AVENIDA CEL MÁRIO ANTUNES DA VEIGA, 453, CENTRO",239,3,3,6
59,Centro,COLÉGIO STELLA MARIS,"AVENIDA CEL MÁRIO ANTUNES DA VEIGA, 453, CENTRO",361,3,4,7
59,Centro,COLÉGIO STELLA MARIS,"AVENIDA CEL MÁRIO ANTUNES DA VEIGA, 453, CENTRO",389,3,2,5
59,Centro,COLÉGIO STELLA MARIS,"AVENIDA CEL MÁRIO ANTUNES DA VEIGA, 453, CENTRO",412,1,2,3
59,Centro,COLÉGIO STELLA MARIS,"AVENIDA CEL MÁRIO ANTUNES DA VEIGA, 453, CENTRO",434,3,1,4
59,Centro,SALÃO PAROQUIAL DA IGREJA NOSSA SENHORA DA CONCEIÇÃO,"PRAÇA CÔNEGO BERNARDO MACHADO DOS SANTOS, 53, CENTRO",70,2,0,2
59,Centro,SALÃO PAROQUIAL DA IGREJA NOSSA SENHORA DA CONCEIÇÃO,"PRAÇA CÔNEGO BERNARDO MACHADO DOS SANTOS, 53, CENTRO",144,3,4,7
59,Centro,SALÃO PAROQUIAL DA IGREJA NOSSA SENHORA DA CONCEIÇÃO,"PRAÇA CÔNEGO BERNARDO MACHADO DOS SANTOS, 53, CENTRO",164,3,1,4
59,Cocão,EMEF GUERREIRO LIMA,"RUA ITAPIRANGA, S/N, COCÃO",585,2,1,3
59,Elsa,EEEM NISIA FLORESTA,"RUA PEDRO JOSÉ MAURÍCIO, S/N, ELSA",4,1,0,1
59,Elsa,EEEM NISIA FLORESTA,"RUA PEDRO JOSÉ MAURÍCIO, S/N, ELSA",138,0,2,2
59,Elsa,EEEM NISIA FLORESTA,"RUA PEDRO JOSÉ MAURÍCIO, S/N, ELSA",167,3,1,4
59,Elsa,EEEM NISIA FLORESTA,"RUA PEDRO JOSÉ MAURÍCIO, S/N, ELSA",191,1,0,1
59,Elsa,EEEM NISIA FLORESTA,"RUA PEDRO JOSÉ MAURÍCIO, S/N, ELSA",211,0,1,1
59,Elsa,EEEM NISIA FLORESTA,"RUA PEDRO JOSÉ MAURÍCIO, S/N, ELSA",234,2,0,2
59,Elsa,EEEM NISIA FLORESTA,"RUA PEDRO JOSÉ MAURÍCIO, S/N, ELSA",248,1,1,2
59,Elsa,EEEM NISIA FLORESTA,"RUA PEDRO JOSÉ MAURÍCIO, S/N, ELSA",287,0,2,2
59,Elsa,EEEM NISIA FLORESTA,"RUA PEDRO JOSÉ MAURÍCIO, S/N, ELSA",395,0,1,1
59,Elsa,EEEM NISIA FLORESTA,"RUA PEDRO JOSÉ MAURÍCIO, S/N, ELSA",449,1,0,1
59,Elsa,EMEF JARDIM VIAMAR,"RUA UMBÚ, S/N, ELSA",302,5,4,9
59,Elsa,EMEF JARDIM VIAMAR,"RUA UMBÚ, S/N, ELSA",381,4,2,6
59,Elsa,EMEF JARDIM VIAMAR,"RUA UMBÚ, S/N, ELSA",425,1,1,2
59,Elsa,EMEF JARDIM VIAMAR,"RUA UMBÚ, S/N, ELSA",448,3,0,3
59,Elsa,EMEF JARDIM VIAMAR,"RUA UMBÚ, S/N, ELSA",523,3,6,9
59,Elsa,EMEF JARDIM VIAMAR,"RUA UMBÚ, S/N, ELSA",580,0,1,1
59,Elsa,EMEF MONTEIRO LOBATO,"RUA DO ARPOADOR, 37, ELSA",18,4,2,6
59,Elsa,EMEF MONTEIRO LOBATO,"RUA DO ARPOADOR, 37, ELSA",286,3,1,4
59,Elsa,EMEF MONTEIRO LOBATO,"RUA DO ARPOADOR, 37, ELSA",575,1,0,1
59,Estalagem,EEEF ANTÔNIO DE SOUZA NETO,"RUA GUSTAVO ADOLFO ALBRECH, S/N, ESTALAGEM",20,3,3,6
59,Estalagem,EEEF ANTÔNIO DE SOUZA NETO,"RUA GUSTAVO ADOLFO ALBRECH, S/N, ESTALAGEM",134,0,2,2
59,Estalagem,EEEF ANTÔNIO DE SOUZA NETO,"RUA GUSTAVO ADOLFO ALBRECH, S/N, ESTALAGEM",212,2,2,4
59,Estalagem,EEEF ANTÔNIO DE SOUZA NETO,"RUA GUSTAVO ADOLFO ALBRECH, S/N, ESTALAGEM",294,2,1,3
59,Estalagem,EEEF ANTÔNIO DE SOUZA NETO,"RUA GUSTAVO ADOLFO ALBRECH, S/N, ESTALAGEM",387,3,2,5
59,Estalagem,EEEF ANTÔNIO DE SOUZA NETO,"RUA GUSTAVO ADOLFO ALBRECH, S/N, ESTALAGEM",410,4,3,7
59,Estalagem,EEEF ANTÔNIO DE SOUZA NETO,"RUA GUSTAVO ADOLFO ALBRECH, S/N, ESTALAGEM",503,3,1,4
59,Estalagem,EEEM PROFESSORA CÉLIA FLORES LAVRA PINTO,"TRAVESSA ADOLFO SAMPAIO BITENCOURT, 225, ESTALAGEM",21,4,2,6
59,Estalagem,EEEM PROFESSORA CÉLIA FLORES LAVRA PINTO,"TRAVESSA ADOLFO SAMPAIO BITENCOURT, 225, ESTALAGEM",71,0,1,1
59,Estalagem,EEEM PROFESSORA CÉLIA FLORES LAVRA PINTO,"TRAVESSA ADOLFO SAMPAIO BITENCOURT, 225, ESTALAGEM",214,3,3,6
59,Estalagem,EEEM PROFESSORA CÉLIA FLORES LAVRA PINTO,"TRAVESSA ADOLFO SAMPAIO BITENCOURT, 225, ESTALAGEM",270,2,1,3
59,Estalagem,EEEM PROFESSORA CÉLIA FLORES LAVRA PINTO,"TRAVESSA ADOLFO SAMPAIO BITENCOURT, 225, ESTALAGEM",343,1,3,4
59,Estalagem,EEEM PROFESSORA CÉLIA FLORES LAVRA PINTO,"TRAVESSA ADOLFO SAMPAIO BITENCOURT, 225, ESTALAGEM",433,3,3,6
59,Estância Grande,EMEF CORACY PRATES DA VEIGA,"ESTRADA PASSO DO MELO, S/N, ESTÂNCIA GRANDE",11,8,0,8
59,Fiuza,EMEF MARECHAL HUMBERTO DE ALENCAR CASTELO BRANCO,"RUA PRESIDENTE CASTELO BRANCO, 151, FIUZA",6,3,2,5
59,Fiuza,EMEF MARECHAL HUMBERTO DE ALENCAR CASTELO BRANCO,"RUA PRESIDENTE CASTELO BRANCO, 151, FIUZA",8,3,4,7
59,Fiuza,EMEF MARECHAL HUMBERTO DE ALENCAR CASTELO BRANCO,"RUA PRESIDENTE CASTELO BRANCO, 151, FIUZA",112,2,2,4
59,Fiuza,EMEF MARECHAL HUMBERTO DE ALENCAR CASTELO BRANCO,"RUA PRESIDENTE CASTELO BRANCO, 151, FIUZA",136,3,4,7
59,Fiuza,EMEF MARECHAL HUMBERTO DE ALENCAR CASTELO BRANCO,"RUA PRESIDENTE CASTELO BRANCO, 151, FIUZA",186,2,1,3
59,Fiuza,EMEF MARECHAL HUMBERTO DE ALENCAR CASTELO BRANCO,"RUA PRESIDENTE CASTELO BRANCO, 151, FIUZA",237,2,2,4
59,Fiuza,EMEF MARECHAL HUMBERTO DE ALENCAR CASTELO BRANCO,"RUA PRESIDENTE CASTELO BRANCO, 151, FIUZA",406,1,0,1
59,Fiuza,EMEF PROFESSOR BARRETO VIANA,"RUA TULIPA, 37, FIUZA",512,1,1,2
59,Fiuza,EMEF PROFESSOR BARRETO VIANA,"RUA TULIPA, 37, FIUZA",586,2,1,3
59,Krahe,COLÉGIO MARISTA NOSSA SENHORA DAS GRAÇAS,"AVENIDA SENADOR SALGADO FILHO, 8326, KRAHE",5,1,2,3
59,Krahe,COLÉGIO MARISTA NOSSA SENHORA DAS GRAÇAS,"AVENIDA SENADOR SALGADO FILHO, 8326, KRAHE",25,2,5,7
59,Krahe,COLÉGIO MARISTA NOSSA SENHORA DAS GRAÇAS,"AVENIDA SENADOR SALGADO FILHO, 8326, KRAHE",92,1,0,1
59,Krahe,COLÉGIO MARISTA NOSSA SENHORA DAS GRAÇAS,"AVENIDA SENADOR SALGADO FILHO, 8326, KRAHE",102,2,1,3
59,Krahe,COLÉGIO MARISTA NOSSA SENHORA DAS GRAÇAS,"AVENIDA SENADOR SALGADO FILHO, 8326, KRAHE",143,0,1,1
59,Krahe,COLÉGIO MARISTA NOSSA SENHORA DAS GRAÇAS,"AVENIDA SENADOR SALGADO FILHO, 8326, KRAHE",153,1,1,2
59,Krahe,COLÉGIO MARISTA NOSSA SENHORA DAS GRAÇAS,"AVENIDA SENADOR SALGADO FILHO, 8326, KRAHE",184,1,0,1
59,Krahe,COLÉGIO MARISTA NOSSA SENHORA DAS GRAÇAS,"AVENIDA SENADOR SALGADO FILHO, 8326, KRAHE",209,2,2,4
59,Krahe,COLÉGIO MARISTA NOSSA SENHORA DAS GRAÇAS,"AVENIDA SENADOR SALGADO FILHO, 8326, KRAHE",236,1,2,3
59,Krahe,COLÉGIO MARISTA NOSSA SENHORA DAS GRAÇAS,"AVENIDA SENADOR SALGADO FILHO, 8326, KRAHE",310,2,2,4
59,Krahe,COLÉGIO MARISTA NOSSA SENHORA DAS GRAÇAS,"AVENIDA SENADOR SALGADO FILHO, 8326, KRAHE",353,2,3,5
59,Krahe,COLÉGIO MARISTA NOSSA SENHORA DAS GRAÇAS,"AVENIDA SENADOR SALGADO FILHO, 8326, KRAHE",382,1,1,2
59,Krahe,COLÉGIO MARISTA NOSSA SENHORA DAS GRAÇAS,"AVENIDA SENADOR SALGADO FILHO, 8326, KRAHE",399,1,1,2
59,Krahe,COLÉGIO MARISTA NOSSA SENHORA DAS GRAÇAS,"AVENIDA SENADOR SALGADO FILHO, 8326, KRAHE",432,2,2,4
59,Krahe,COLÉGIO MARISTA NOSSA SENHORA DAS GRAÇAS,"AVENIDA SENADOR SALGADO FILHO, 8326, KRAHE",519,3,2,5
59,Krahe,EEEM AÇORIANOS,"RUA ALMEIDA ROSA, 151, KRAHE",12,3,4,7
59,Krahe,EEEM AÇORIANOS,"RUA ALMEIDA ROSA, 151, KRAHE",24,2,4,6
59,Krahe,EEEM AÇORIANOS,"RUA ALMEIDA ROSA, 151, KRAHE",67,3,2,5
59,Krahe,EEEM AÇORIANOS,"RUA ALMEIDA ROSA, 151, KRAHE",116,4,4,8
59,Krahe,EEEM AÇORIANOS,"RUA ALMEIDA ROSA, 151, KRAHE",157,3,2,5
59,Krahe,EEEM AÇORIANOS,"RUA ALMEIDA ROSA, 151, KRAHE",188,2,2,4
59,Krahe,EEEM AÇORIANOS,"RUA ALMEIDA ROSA, 151, KRAHE",201,4,3,7
59,Krahe,EEEM AÇORIANOS,"RUA ALMEIDA ROSA, 151, KRAHE",265,1,2,3
59,Krahe,EEEM AÇORIANOS,"RUA ALMEIDA ROSA, 151, KRAHE",306,4,4,8
59,Krahe,EEEM AÇORIANOS,"RUA ALMEIDA ROSA, 151, KRAHE",333,2,1,3
59,Krahe,EEEM AÇORIANOS,"RUA ALMEIDA ROSA, 151, KRAHE",362,3,2,5
59,Krahe,EEEM AÇORIANOS,"RUA ALMEIDA ROSA, 151, KRAHE",370,3,4,7
59,Krahe,EEEM AÇORIANOS,"RUA ALMEIDA ROSA, 151, KRAHE",398,3,1,4
59,Krahe,EEEM AÇORIANOS,"RUA ALMEIDA ROSA, 151, KRAHE",500,4,3,7
59,Krahe,EEEM AÇORIANOS,"RUA ALMEIDA ROSA, 151, KRAHE",517,4,5,9
59,Krahe,EMEF FREDERICO DIHL,"RUA ALEXANDRE BRAGA, S/N, KRAHE",256,3,4,7
59,Krahe,EMEF FREDERICO DIHL,"RUA ALEXANDRE BRAGA, S/N, KRAHE",316,2,2,4
59,Krahe,EMEF FREDERICO DIHL,"RUA ALEXANDRE BRAGA, S/N, KRAHE",359,2,4,6
59,Krahe,EMEF FREDERICO DIHL,"RUA ALEXANDRE BRAGA, S/N, KRAHE",407,5,6,11
59,Krahe,EMEF FREDERICO DIHL,"RUA ALEXANDRE BRAGA, S/N, KRAHE",511,0,1,1
59,Krahe,EMEF FREDERICO DIHL,"RUA ALEXANDRE BRAGA, S/N, KRAHE",583,2,0,2
59,Krahe,EMEF NOSSA SENHORA DA CONCEIÇÃO,"AVENIDA JARDIM LISBOA, 266, KRAHE",46,1,0,1
59,Krahe,EMEF NOSSA SENHORA DA CONCEIÇÃO,"AVENIDA JARDIM LISBOA, 266, KRAHE",148,2,3,5
59,Krahe,EMEF NOSSA SENHORA DA CONCEIÇÃO,"AVENIDA JARDIM LISBOA, 266, KRAHE",215,1,4,5
59,Krahe,EMEF NOSSA SENHORA DA CONCEIÇÃO,"AVENIDA JARDIM LISBOA, 266, KRAHE",377,1,0,1
59,Martinica,EEEF ADONIS DOS SANTOS,"RUA TORRES, S/N, MARTINICA",525,2,1,3
59,Martinica,EEEF ADONIS DOS SANTOS,"RUA TORRES, S/N, MARTINICA",526,2,1,3
59,Martinica,EEEF ADONIS DOS SANTOS,"RUA TORRES, S/N, MARTINICA",528,3,2,5
59,Martinica,EEEF ADONIS DOS SANTOS,"RUA TORRES, S/N, MARTINICA",529,1,0,1
59,Martinica,EEEF ADONIS DOS SANTOS,"RUA TORRES, S/N, MARTINICA",531,2,1,3
59,Martinica,EEEF ADONIS DOS SANTOS,"RUA TORRES, S/N, MARTINICA",533,3,1,4
59,Martinica,EEEF ADONIS DOS SANTOS,"RUA TORRES, S/N, MARTINICA",534,1,0,1
59,Martinica,EEEM ORIETA,"RUA PEDRO MOREIRA LOBATO, 120, MARTINICA",550,3,1,4
59,Martinica,EEEM ORIETA,"RUA PEDRO MOREIRA LOBATO, 120, MARTINICA",551,5,4,9
59,Martinica,EEEM ORIETA,"RUA PEDRO MOREIRA LOBATO, 120, MARTINICA",552,3,3,6
59,Martinica,EEEM ORIETA,"RUA PEDRO MOREIRA LOBATO, 120, MARTINICA",553,4,2,6
59,Martinica,EEEM ORIETA,"RUA PEDRO MOREIRA LOBATO, 120, MARTINICA",554,2,1,3
59,Martinica,EEEM ORIETA,"RUA PEDRO MOREIRA LOBATO, 120, MARTINICA",555,5,3,8
59,Martinica,EEEM ORIETA,"RUA PEDRO MOREIRA LOBATO, 120, MARTINICA",556,3,0,3
59,Morro Grande,EMEF CORONEL AUGUSTO FRAGA,"RS 040, KM 33 - PDA. 100, MORRO GRANDE",45,1,1,2
59,Morro Grande,EMEF CORONEL AUGUSTO FRAGA,"RS 040, KM 33 - PDA. 100, MORRO GRANDE",404,2,3,5
59,Passo do Vigário,EEEF CANADÁ,"RUA JOSÉ GARIBALDI, 5500 -ROD. PASSO DO VIGÁRIO, PASSO DO VIGÁRIO",9,3,4,7
59,Passo do Vigário,EEEF CANADÁ,"RUA JOSÉ GARIBALDI, 5500 -ROD. PASSO DO VIGÁRIO, PASSO DO VIGÁRIO",174,2,3,5
59,Passo do Vigário,EMEF DOM DIOGO DE SOUZA,"RUA DOIS (CONDADO DE VALENÇA), S/N, PASSO DO VIGÁRIO",524,5,3,8
59,Passo do Vigário,EMEF DOM DIOGO DE SOUZA,"RUA DOIS (CONDADO DE VALENÇA), S/N, PASSO DO VIGÁRIO",573,3,0,3
59,Passo do Vigário,EMEF DOM DIOGO DE SOUZA,"RUA DOIS (CONDADO DE VALENÇA), S/N, PASSO DO VIGÁRIO",581,3,3,6
59,Santo Onofre,EMEF RECANTO DA LAGOA,"RUA LAGOA MIRIM, S/N, SANTO ONOFRE",567,2,1,3
59,Santo Onofre,EMEF RECANTO DA LAGOA,"RUA LAGOA MIRIM, S/N, SANTO ONOFRE",568,3,2,5
59,Santo Onofre,EMEF RECANTO DA LAGOA,"RUA LAGOA MIRIM, S/N, SANTO ONOFRE",569,5,2,7
59,Santo Onofre,EMEF RECANTO DA LAGOA,"RUA LAGOA MIRIM, S/N, SANTO ONOFRE",570,4,2,6
59,Santo Onofre,EMEF RECANTO DA LAGOA,"RUA LAGOA MIRIM, S/N, SANTO ONOFRE",571,2,1,3
59,Santo Onofre,EMEF RECANTO DA LAGOA,"RUA LAGOA MIRIM, S/N, SANTO ONOFRE",572,3,1,4
59,Santo Onofre,EMEF SANTA MARIA,"ESTRADA DOS CUNHA, 820, SANTO ONOFRE",43,2,1,3
59,Santo Onofre,EMEF SANTA MARIA,"ESTRADA DOS CUNHA, 820, SANTO ONOFRE",120,6,2,8
59,Santo Onofre,EMEF SANTA MARIA,"ESTRADA DOS CUNHA, 820, SANTO ONOFRE",192,1,1,2
59,Santo Onofre,EMEF SANTA MARIA,"ESTRADA DOS CUNHA, 820, SANTO ONOFRE",305,2,1,3
59,Santo Onofre,EMEF SANTA MARIA,"ESTRADA DOS CUNHA, 820, SANTO ONOFRE",342,1,1,2
59,Santo Onofre,EMEF SANTA MARIA,"ESTRADA DOS CUNHA, 820, SANTO ONOFRE",366,3,3,6
59,Santo Onofre,EMEF SANTA MARIA,"ESTRADA DOS CUNHA, 820, SANTO ONOFRE",446,3,2,5
59,São Lucas,EMEF DOUTOR GLÊNIO PERES,"RUA FRANCISCO MANOEL DA SILVA, 625, SÃO LUCAS",271,2,2,4
59,São Lucas,EMEF DOUTOR GLÊNIO PERES,"RUA FRANCISCO MANOEL DA SILVA, 625, SÃO LUCAS",338,3,1,4
59,São Lucas,EMEF DOUTOR GLÊNIO PERES,"RUA FRANCISCO MANOEL DA SILVA, 625, SÃO LUCAS",391,1,1,2
59,São Lucas,EMEF DOUTOR GLÊNIO PERES,"RUA FRANCISCO MANOEL DA SILVA, 625, SÃO LUCAS",505,2,2,4
59,São Lucas,EMEF DOUTOR GLÊNIO PERES,"RUA FRANCISCO MANOEL DA SILVA, 625, SÃO LUCAS",578,4,3,7
59,São Lucas,EMEF FARROUPILHA,"AVENIDA SENADOR SALGADO FILHO, 6031 - PDA. 46, SÃO LUCAS",1,4,1,5
59,São Lucas,EMEF FARROUPILHA,"AVENIDA SENADOR SALGADO FILHO, 6031 - PDA. 46, SÃO LUCAS",60,4,4,8
59,São Lucas,EMEF FARROUPILHA,"AVENIDA SENADOR SALGADO FILHO, 6031 - PDA. 46, SÃO LUCAS",72,1,1,2
59,São Lucas,EMEF FARROUPILHA,"AVENIDA SENADOR SALGADO FILHO, 6031 - PDA. 46, SÃO LUCAS",88,2,1,3
59,São Lucas,EMEF FARROUPILHA,"AVENIDA SENADOR SALGADO FILHO, 6031 - PDA. 46, SÃO LUCAS",104,5,5,10
59,São Lucas,EMEF FARROUPILHA,"AVENIDA SENADOR SALGADO FILHO, 6031 - PDA. 46, SÃO LUCAS",127,2,3,5
59,São Lucas,EMEF FARROUPILHA,"AVENIDA SENADOR SALGADO FILHO, 6031 - PDA. 46, SÃO LUCAS",137,2,1,3
59,São Lucas,EMEF FARROUPILHA,"AVENIDA SENADOR SALGADO FILHO, 6031 - PDA. 46, SÃO LUCAS",170,2,0,2
59,São Lucas,EMEF FARROUPILHA,"AVENIDA SENADOR SALGADO FILHO, 6031 - PDA. 46, SÃO LUCAS",183,4,4,8
59,São Lucas,EMEF FARROUPILHA,"AVENIDA SENADOR SALGADO FILHO, 6031 - PDA. 46, SÃO LUCAS",206,1,1,2
59,São Lucas,EMEF FARROUPILHA,"AVENIDA SENADOR SALGADO FILHO, 6031 - PDA. 46, SÃO LUCAS",341,2,1,3
59,São Lucas,EMEF FARROUPILHA,"AVENIDA SENADOR SALGADO FILHO, 6031 - PDA. 46, SÃO LUCAS",396,5,1,6
59,São Lucas,EMEF FARROUPILHA,"AVENIDA SENADOR SALGADO FILHO, 6031 - PDA. 46, SÃO LUCAS",438,1,0,1
59,São Lucas,EMEF FARROUPILHA,"AVENIDA SENADOR SALGADO FILHO, 6031 - PDA. 46, SÃO LUCAS",574,3,3,6
59,São Lucas,EMEF FARROUPILHA,"AVENIDA SENADOR SALGADO FILHO, 6031 - PDA. 46, SÃO LUCAS",582,3,1,4
59,São Lucas,EMEF HUMBERTO DE CAMPOS,"RUA OURO PRETO, 150 - PDA. 42, SÃO LUCAS",543,1,0,1
59,São Lucas,EMEF HUMBERTO DE CAMPOS,"RUA OURO PRETO, 150 - PDA. 42, SÃO LUCAS",544,2,1,3
59,São Lucas,EMEF HUMBERTO DE CAMPOS,"RUA OURO PRETO, 150 - PDA. 42, SÃO LUCAS",545,2,1,3
59,São Lucas,EMEF HUMBERTO DE CAMPOS,"RUA OURO PRETO, 150 - PDA. 42, SÃO LUCAS",546,1,1,2
59,São Lucas,EMEF HUMBERTO DE CAMPOS,"RUA OURO PRETO, 150 - PDA. 42, SÃO LUCAS",547,0,1,1
59,São Lucas,EMEF HUMBERTO DE CAMPOS,"RUA OURO PRETO, 150 - PDA. 42, SÃO LUCAS",548,1,1,2
59,São Lucas,EMEF HUMBERTO DE CAMPOS,"RUA OURO PRETO, 150 - PDA. 42, SÃO LUCAS",549,1,2,3
59,TarumÃ,EMEI POSSIDÔNIO DA CUNHA,"RUA VOLUNTÁRIOS DA PÁTRIA, 209, TARUMÃ",105,3,4,7
59,TarumÃ,EMEI POSSIDÔNIO DA CUNHA,"RUA VOLUNTÁRIOS DA PÁTRIA, 209, TARUMÃ",152,2,4,6
59,TarumÃ,EMEI POSSIDÔNIO DA CUNHA,"RUA VOLUNTÁRIOS DA PÁTRIA, 209, TARUMÃ",181,3,1,4
59,Tarumã,EEEM SETEMBRINA,"AV. BENTO GONÇALVES, 1452, TARUMÃ",26,1,6,7
59,Tarumã,EEEM SETEMBRINA,"AV. BENTO GONÇALVES, 1452, TARUMÃ",37,1,4,5
59,Tarumã,EEEM SETEMBRINA,"AV. BENTO GONÇALVES, 1452, TARUMÃ",62,4,1,5
59,Tarumã,EEEM SETEMBRINA,"AV. BENTO GONÇALVES, 1452, TARUMÃ",98,3,1,4
59,Tarumã,EEEM SETEMBRINA,"AV. BENTO GONÇALVES, 1452, TARUMÃ",139,4,0,4
59,Tarumã,EEEM SETEMBRINA,"AV. BENTO GONÇALVES, 1452, TARUMÃ",168,1,2,3
59,Tarumã,EEEM SETEMBRINA,"AV. BENTO GONÇALVES, 1452, TARUMÃ",199,3,4,7
59,Tarumã,EEEM SETEMBRINA,"AV. BENTO GONÇALVES, 1452, TARUMÃ",225,4,8,12
59,Tarumã,EEEM SETEMBRINA,"AV. BENTO GONÇALVES, 1452, TARUMÃ",322,1,0,1
59,Tarumã,EEEM SETEMBRINA,"AV. BENTO GONÇALVES, 1452, TARUMÃ",351,6,5,11
59,Tarumã,EEEM SETEMBRINA,"AV. BENTO GONÇALVES, 1452, TARUMÃ",411,1,1,2
59,Viamópolis,EEEM MINUANO,"RUA TIRANDENTES, 200, VIAMÓPOLIS",535,1,0,1
59,Viamópolis,EEEM MINUANO,"RUA TIRANDENTES, 200, VIAMÓPOLIS",538,1,0,1
59,Viamópolis,EEEM MINUANO,"RUA TIRANDENTES, 200, VIAMÓPOLIS",539,2,0,2
59,Viamópolis,EEEM MINUANO,"RUA TIRANDENTES, 200, VIAMÓPOLIS",541,1,1,2
59,Viamópolis,EEEM MINUANO,"RUA TIRANDENTES, 200, VIAMÓPOLIS",542,3,2,5
59,Viamópolis,EMEF SÃO JORGE,"RUA AMÉRICO JOSÉ GOULART, S/N, VIAMÓPOLIS",557,1,1,2
59,Viamópolis,EMEF SÃO JORGE,"RUA AMÉRICO JOSÉ GOULART, S/N, VIAMÓPOLIS",558,1,2,3
59,Viamópolis,EMEF SÃO JORGE,"RUA AMÉRICO JOSÉ GOULART, S/N, VIAMÓPOLIS",560,2,1,3
59,Viamópolis,EMEI PADRE REUS,"AVENIDA PRESIDENTE VARGAS, 1002, VIAMÓPOLIS",418,2,0,2
59,Viamópolis,EMEI PADRE REUS,"AVENIDA PRESIDENTE VARGAS, 1002, VIAMÓPOLIS",561,2,2,4
59,Viamópolis,EMEI PADRE REUS,"AVENIDA PRESIDENTE VARGAS, 1002, VIAMÓPOLIS",562,2,0,2
59,Viamópolis,EMEI PADRE REUS,"AVENIDA PRESIDENTE VARGAS, 1002, VIAMÓPOLIS",563,2,1,3
59,Viamópolis,EMEI PADRE REUS,"AVENIDA PRESIDENTE VARGAS, 1002, VIAMÓPOLIS",564,1,0,1
59,Viamópolis,EMEI PADRE REUS,"AVENIDA PRESIDENTE VARGAS, 1002, VIAMÓPOLIS",565,2,1,3
59,Viamópolis,EMEI PADRE REUS,"AVENIDA PRESIDENTE VARGAS, 1002, VIAMÓPOLIS",566,1,0,1
59,Águas Claras,EEEM RUI BARBOSA,"RS 040, KM 32 - PDA. 94, ÁGUAS CLARAS",34,1,1,2
59,Águas Claras,EEEM RUI BARBOSA,"RS 040, KM 32 - PDA. 94, ÁGUAS CLARAS",380,1,1,2
59,Águas Claras,EEEM RUI BARBOSA,"RS 040, KM 32 - PDA. 94, ÁGUAS CLARAS",415,1,1,2
59,Águas Claras,EEEM RUI BARBOSA,"RS 040, KM 32 - PDA. 94, ÁGUAS CLARAS",508,1,1,2
59,Águas Claras,EMEF APOLINÁRIO ALVES DOS SANTOS,"RS 040, KM 27 - PDA. 85, ÁGUAS CLARAS",226,1,0,1
59,Águas Claras,EMEF APOLINÁRIO ALVES DOS SANTOS,"RS 040, KM 27 - PDA. 85, ÁGUAS CLARAS",375,2,2,4
59,Águas Claras,EMEF APOLINÁRIO ALVES DOS SANTOS,"RS 040, KM 27 - PDA. 85, ÁGUAS CLARAS",392,0,1,1
59,Águas Claras,EMEF APOLINÁRIO ALVES DOS SANTOS,"RS 040, KM 27 - PDA. 85, ÁGUAS CLARAS",393,0,1,1
59,Águas Claras,EMEF APOLINÁRIO ALVES DOS SANTOS,"RS 040, KM 27 - PDA. 85, ÁGUAS CLARAS",502,1,2,3
59,Águas Claras,EMEF APOLINÁRIO ALVES DOS SANTOS,"RS 040, KM 27 - PDA. 85, ÁGUAS CLARAS",521,1,1,2
59,Águas Claras,EMEF APOLINÁRIO ALVES DOS SANTOS,"RS 040, KM 27 - PDA. 85, ÁGUAS CLARAS",577,1,3,4
59,Águas Claras,EMEF APOLINÁRIO ALVES DOS SANTOS,"RS 040, KM 27 - PDA. 85, ÁGUAS CLARAS",587,3,2,5
59,Águas Claras,EMEF CRISTIANO VIEIRA DA SILVA,"RS 040, KM 36 - ESTRADA DAS LOMBAS - PDA. 109, ÁGUAS CLARAS",33,1,1,2
59,Águas Claras,EMEF CRISTIANO VIEIRA DA SILVA,"RS 040, KM 36 - ESTRADA DAS LOMBAS - PDA. 109, ÁGUAS CLARAS",52,3,3,6
59,Águas Claras,EMEF CRISTIANO VIEIRA DA SILVA,"RS 040, KM 36 - ESTRADA DAS LOMBAS - PDA. 109, ÁGUAS CLARAS",130,2,2,4
59,Águas Claras,EMEF CRISTIANO VIEIRA DA SILVA,"RS 040, KM 36 - ESTRADA DAS LOMBAS - PDA. 109, ÁGUAS CLARAS",349,3,2,5
59,Águas Claras,EMEF CRISTIANO VIEIRA DA SILVA,"RS 040, KM 36 - ESTRADA DAS LOMBAS - PDA. 109, ÁGUAS CLARAS",445,2,2,4
59,Águas Claras,EMEF ZEFERINO LOPES DE CASTRO,"RODOVIA CEL. EDMUNDO DOS SANTOS ABREU, S/N, ÁGUAS CLARAS",48,6,2,8
59,Águas Claras,EMEF ZEFERINO LOPES DE CASTRO,"RODOVIA CEL. EDMUNDO DOS SANTOS ABREU, S/N, ÁGUAS CLARAS",268,3,2,5
72,Augusta,ESCOLA ESTADUAL DE ENSINO MÉDIO AYRTON SENNA DA SILVA,"RUA IPIRANGA, 135, AUGUSTA",467,1,0,1
72,Augusta,ESCOLA ESTADUAL DE ENSINO MÉDIO AYRTON SENNA DA SILVA,"RUA IPIRANGA, 135, AUGUSTA",468,2,2,4
72,Augusta,ESCOLA ESTADUAL DE ENSINO MÉDIO AYRTON SENNA DA SILVA,"RUA IPIRANGA, 135, AUGUSTA",469,3,0,3
72,Augusta,ESCOLA ESTADUAL DE ENSINO MÉDIO AYRTON SENNA DA SILVA,"RUA IPIRANGA, 135, AUGUSTA",470,1,1,2
72,Augusta,ESCOLA ESTADUAL DE ENSINO MÉDIO AYRTON SENNA DA SILVA,"RUA IPIRANGA, 135, AUGUSTA",471,1,0,1
72,Augusta,ESCOLA ESTADUAL DE ENSINO MÉDIO AYRTON SENNA DA SILVA,"RUA IPIRANGA, 135, AUGUSTA",473,1,0,1
72,Augusta,ESCOLA ESTADUAL DE ENSINO MÉDIO AYRTON SENNA DA SILVA,"RUA IPIRANGA, 135, AUGUSTA",475,1,0,1
72,Augusta,ESCOLA ESTADUAL DE ENSINO MÉDIO AYRTON SENNA DA SILVA,"RUA IPIRANGA, 135, AUGUSTA",531,3,0,3
72,Augusta,ESCOLA MUNICIPAL DE ENSINO FUNDAMENTAL LAURO PEREIRA RODRIGUES,"RUA ISABEL MIRIDIU, 42, AUGUSTA",477,1,1,2
72,Augusta,ESCOLA MUNICIPAL DE ENSINO FUNDAMENTAL LAURO PEREIRA RODRIGUES,"RUA ISABEL MIRIDIU, 42, AUGUSTA",478,0,1,1
72,Augusta,ESCOLA MUNICIPAL DE ENSINO FUNDAMENTAL LAURO PEREIRA RODRIGUES,"RUA ISABEL MIRIDIU, 42, AUGUSTA",479,2,1,3
72,Augusta,ESCOLA MUNICIPAL DE ENSINO FUNDAMENTAL LAURO PEREIRA RODRIGUES,"RUA ISABEL MIRIDIU, 42, AUGUSTA",481,1,1,2
72,Augusta,ESCOLA MUNICIPAL DE ENSINO FUNDAMENTAL LAURO PEREIRA RODRIGUES,"RUA ISABEL MIRIDIU, 42, AUGUSTA",482,1,0,1
72,Augusta,ESCOLA MUNICIPAL DE ENSINO FUNDAMENTAL LAURO PEREIRA RODRIGUES,"RUA ISABEL MIRIDIU, 42, AUGUSTA",483,2,0,2
72,Augusta,ESCOLA MUNICIPAL DE ENSINO FUNDAMENTAL LUCIANA DE ABREU,"RUA DÁRIO GONÇALVES MOLHO, S/N, AUGUSTA",484,1,0,1
72,Augusta,ESCOLA MUNICIPAL DE ENSINO FUNDAMENTAL LUCIANA DE ABREU,"RUA DÁRIO GONÇALVES MOLHO, S/N, AUGUSTA",485,2,0,2
72,Augusta,ESCOLA MUNICIPAL DE ENSINO FUNDAMENTAL LUCIANA DE ABREU,"RUA DÁRIO GONÇALVES MOLHO, S/N, AUGUSTA",486,0,2,2
72,Augusta,ESCOLA MUNICIPAL DE ENSINO FUNDAMENTAL LUCIANA DE ABREU,"RUA DÁRIO GONÇALVES MOLHO, S/N, AUGUSTA",487,3,2,5
72,Augusta,ESCOLA MUNICIPAL DE ENSINO FUNDAMENTAL LUCIANA DE ABREU,"RUA DÁRIO GONÇALVES MOLHO, S/N, AUGUSTA",488,2,0,2
72,Augusta,ESCOLA MUNICIPAL DE ENSINO FUNDAMENTAL LUCIANA DE ABREU,"RUA DÁRIO GONÇALVES MOLHO, S/N, AUGUSTA",489,2,0,2
72,Augusta,ESCOLA MUNICIPAL DE ENSINO FUNDAMENTAL LUCIANA DE ABREU,"RUA DÁRIO GONÇALVES MOLHO, S/N, AUGUSTA",490,1,0,1
72,Augusta,ESCOLA MUNICIPAL DE ENSINO FUNDAMENTAL LUCIANA DE ABREU,"RUA DÁRIO GONÇALVES MOLHO, S/N, AUGUSTA",492,1,1,2
72,Augusta,ESCOLA MUNICIPAL DE ENSINO FUNDAMENTAL LUCIANA DE ABREU,"RUA DÁRIO GONÇALVES MOLHO, S/N, AUGUSTA",493,1,0,1
72,Augusta,ESCOLA MUNICIPAL DE ENSINO FUNDAMENTAL LUCIANA DE ABREU,"RUA DÁRIO GONÇALVES MOLHO, S/N, AUGUSTA",496,1,0,1
72,Augusta,ESCOLA MUNICIPAL DE ENSINO FUNDAMENTAL LUCIANA DE ABREU,"RUA DÁRIO GONÇALVES MOLHO, S/N, AUGUSTA",497,1,0,1
72,Augusta,ESCOLA MUNICIPAL DE ENSINO FUNDAMENTAL LUCIANA DE ABREU,"RUA DÁRIO GONÇALVES MOLHO, S/N, AUGUSTA",498,1,0,1
72,Augusta,ESCOLA MUNICIPAL DE ENSINO FUNDAMENTAL LUCIANA DE ABREU,"RUA DÁRIO GONÇALVES MOLHO, S/N, AUGUSTA",499,2,1,3
72,Augusta,ESCOLA MUNICIPAL DE ENSINO FUNDAMENTAL LUCIANA DE ABREU,"RUA DÁRIO GONÇALVES MOLHO, S/N, AUGUSTA",500,1,0,1
72,Itapuã,ESCOLA ESTADUAL DE ENSINO MÉDIO GENÉSIO PIRES,"RUA JÚLIO DE CASTILHOS, 123, ITAPUÃ",53,2,1,3
72,Itapuã,ESCOLA ESTADUAL DE ENSINO MÉDIO GENÉSIO PIRES,"RUA JÚLIO DE CASTILHOS, 123, ITAPUÃ",56,2,1,3
72,Itapuã,ESCOLA ESTADUAL DE ENSINO MÉDIO GENÉSIO PIRES,"RUA JÚLIO DE CASTILHOS, 123, ITAPUÃ",125,1,0,1
72,Itapuã,ESCOLA ESTADUAL DE ENSINO MÉDIO GENÉSIO PIRES,"RUA JÚLIO DE CASTILHOS, 123, ITAPUÃ",303,1,2,3
72,Itapuã,ESCOLA ESTADUAL DE ENSINO MÉDIO GENÉSIO PIRES,"RUA JÚLIO DE CASTILHOS, 123, ITAPUÃ",318,3,2,5
72,Itapuã,ESCOLA MUNICIPAL DE ENSINO FUNDAMENTAL FREI PACÍFICO,"RUA REFORMA AGRÁRIA, N. 35, ITAPUÃ",50,3,1,4
72,Jardim Castelo,ASSOCIAÇÃO COMUNITÁRIA DO JARDIM CASTELO,"ESTRADA CAMINHO DO MEIO, 1171, RUA 01, 200, JARDIM CASTELO",515,3,2,5
72,Jardim Castelo,ASSOCIAÇÃO COMUNITÁRIA DO JARDIM CASTELO,"ESTRADA CAMINHO DO MEIO, 1171, RUA 01, 200, JARDIM CASTELO",528,5,0,5
72,Jardim Universitário,ESCOLA MUNICIPAL DE ENSINO FUNDAMENTAL ANITA GARIBALDI,"RUA GRACILIANO RAMOS, 558, JARDIM UNIVERSITÁRIO",44,1,0,1
72,Jardim Universitário,ESCOLA MUNICIPAL DE ENSINO FUNDAMENTAL ANITA GARIBALDI,"RUA GRACILIANO RAMOS, 558, JARDIM UNIVERSITÁRIO",78,0,1,1
72,Jardim Universitário,ESCOLA MUNICIPAL DE ENSINO FUNDAMENTAL ANITA GARIBALDI,"RUA GRACILIANO RAMOS, 558, JARDIM UNIVERSITÁRIO",109,2,1,3
72,Jardim Universitário,ESCOLA MUNICIPAL DE ENSINO FUNDAMENTAL ANITA GARIBALDI,"RUA GRACILIANO RAMOS, 558, JARDIM UNIVERSITÁRIO",156,2,1,3
72,Jardim Universitário,ESCOLA MUNICIPAL DE ENSINO FUNDAMENTAL ANITA GARIBALDI,"RUA GRACILIANO RAMOS, 558, JARDIM UNIVERSITÁRIO",264,4,0,4
72,Jardim Universitário,ESCOLA MUNICIPAL DE ENSINO FUNDAMENTAL ANITA GARIBALDI,"RUA GRACILIANO RAMOS, 558, JARDIM UNIVERSITÁRIO",523,2,0,2
72,Jari,ESCOLA MUNICIPAL DE ENSINO FUNDAMENTAL MONTE ALEGRE JUNTO AO CAIC,"RUA ESPÍRITO SANTO, 200, JARI",453,1,1,2
72,Jari,ESCOLA MUNICIPAL DE ENSINO FUNDAMENTAL MONTE ALEGRE JUNTO AO CAIC,"RUA ESPÍRITO SANTO, 200, JARI",454,4,0,4
72,Jari,ESCOLA MUNICIPAL DE ENSINO FUNDAMENTAL MONTE ALEGRE JUNTO AO CAIC,"RUA ESPÍRITO SANTO, 200, JARI",455,2,2,4
72,Jari,ESCOLA MUNICIPAL DE ENSINO FUNDAMENTAL MONTE ALEGRE JUNTO AO CAIC,"RUA ESPÍRITO SANTO, 200, JARI",456,5,1,6
72,Jari,ESCOLA MUNICIPAL DE ENSINO FUNDAMENTAL MONTE ALEGRE JUNTO AO CAIC,"RUA ESPÍRITO SANTO, 200, JARI",457,2,0,2
72,Jari,ESCOLA MUNICIPAL DE ENSINO FUNDAMENTAL RICARDO FAICKER NUNES,"AVENIDA PARAGUASSÚ, S/N, JARI",501,1,1,2
72,Jari,ESCOLA MUNICIPAL DE ENSINO FUNDAMENTAL RICARDO FAICKER NUNES,"AVENIDA PARAGUASSÚ, S/N, JARI",502,2,1,3
72,Jari,ESCOLA MUNICIPAL DE ENSINO FUNDAMENTAL RICARDO FAICKER NUNES,"AVENIDA PARAGUASSÚ, S/N, JARI",504,1,0,1
72,Jari,ESCOLA MUNICIPAL DE ENSINO FUNDAMENTAL RICARDO FAICKER NUNES,"AVENIDA PARAGUASSÚ, S/N, JARI",505,1,1,2
72,Jari,ESCOLA MUNICIPAL DE ENSINO FUNDAMENTAL RICARDO FAICKER NUNES,"AVENIDA PARAGUASSÚ, S/N, JARI",506,2,0,2
72,Jari,ESCOLA MUNICIPAL DE ENSINO FUNDAMENTAL RICARDO FAICKER NUNES,"AVENIDA PARAGUASSÚ, S/N, JARI",507,4,0,4
72,Jari,ESCOLA MUNICIPAL DE ENSINO FUNDAMENTAL RICARDO FAICKER NUNES,"AVENIDA PARAGUASSÚ, S/N, JARI",508,1,2,3
72,Jari,ESCOLA MUNICIPAL DE ENSINO FUNDAMENTAL RICARDO FAICKER NUNES,"AVENIDA PARAGUASSÚ, S/N, JARI",509,2,0,2
72,Jari,ESCOLA MUNICIPAL DE ENSINO FUNDAMENTAL RICARDO FAICKER NUNES,"AVENIDA PARAGUASSÚ, S/N, JARI",510,1,1,2
72,Jari,ESCOLA MUNICIPAL DE ENSINO FUNDAMENTAL RICARDO FAICKER NUNES,"AVENIDA PARAGUASSÚ, S/N, JARI",511,2,0,2
72,Jari,ESCOLA MUNICIPAL DE ENSINO FUNDAMENTAL RICARDO FAICKER NUNES,"AVENIDA PARAGUASSÚ, S/N, JARI",512,1,0,1
72,Jari,ESCOLA MUNICIPAL DE ENSINO FUNDAMENTAL RICARDO FAICKER NUNES,"AVENIDA PARAGUASSÚ, S/N, JARI",513,2,0,2
72,Lomba do Pinheiro,ESCOLA MUNICIPAL CELINA WESTPHALEN WEISSHEIMER,"ESTRADA LUIS PINTO DE BARCELOS, 599, LOMBA DO PINHEIRO",516,3,0,3
72,Lomba do Pinheiro,ESCOLA MUNICIPAL DE ENSINO FUNDAMENTAL OLÍMPIO COELHO DE OLIVEIRA,"ESTRADA DA CAPOROROCA, S/N, LOMBA DO PINHEIRO",3,3,1,4
72,Lomba do Pinheiro,ESCOLA MUNICIPAL DE ENSINO FUNDAMENTAL OLÍMPIO COELHO DE OLIVEIRA,"ESTRADA DA CAPOROROCA, S/N, LOMBA DO PINHEIRO",126,2,2,4
72,Lomba do Pinheiro,ESCOLA MUNICIPAL DE ENSINO FUNDAMENTAL OLÍMPIO COELHO DE OLIVEIRA,"ESTRADA DA CAPOROROCA, S/N, LOMBA DO PINHEIRO",320,0,1,1
72,Lomba do Pinheiro,ESCOLA MUNICIPAL DE ENSINO FUNDAMENTAL OLÍMPIO COELHO DE OLIVEIRA,"ESTRADA DA CAPOROROCA, S/N, LOMBA DO PINHEIRO",518,0,1,1
72,Martinica,ESCOLA ESTADUAL DE ENSINO FUNDAMENTAL JOÃO BARBOSA,"ESTRADA DA BRANQUINHA, 3361, MARTINICA",329,0,2,2
72,Martinica,ESCOLA ESTADUAL DE ENSINO FUNDAMENTAL JOÃO BARBOSA,"ESTRADA DA BRANQUINHA, 3361, MARTINICA",521,1,0,1
72,Martinica,ESCOLA MUNICIPAL DE ENSINO FUNDAMENTAL PRESIDENTE GETÚLIO VARGAS,"RUA OLGA BENÁRIO, 91, MARTINICA",296,2,1,3
72,Martinica,ESCOLA MUNICIPAL DE ENSINO FUNDAMENTAL PRESIDENTE GETÚLIO VARGAS,"RUA OLGA BENÁRIO, 91, MARTINICA",337,0,1,1
72,Martinica,ESCOLA MUNICIPAL DE ENSINO FUNDAMENTAL PRESIDENTE GETÚLIO VARGAS,"RUA OLGA BENÁRIO, 91, MARTINICA",401,0,1,1
72,Martinica,ESCOLA MUNICIPAL DE ENSINO FUNDAMENTAL PRESIDENTE GETÚLIO VARGAS,"RUA OLGA BENÁRIO, 91, MARTINICA",520,3,1,4
72,Nossa Senhora Aparecida,ESCOLA ESTADUAL DE ENSINO MÉDIO GOVERNADOR WALTER JOBIM,"AVENIDA WALTER JOBIM, 271, NOSSA SENHORA APARECIDA",275,1,0,1
72,Nossa Senhora Aparecida,ESCOLA ESTADUAL DE ENSINO MÉDIO GOVERNADOR WALTER JOBIM,"AVENIDA WALTER JOBIM, 271, NOSSA SENHORA APARECIDA",282,1,0,1
72,Nossa Senhora Aparecida,ESCOLA ESTADUAL DE ENSINO MÉDIO GOVERNADOR WALTER JOBIM,"AVENIDA WALTER JOBIM, 271, NOSSA SENHORA APARECIDA",517,1,0,1
72,Nossa Senhora Aparecida,ESCOLA MUNICIPAL DE ENSINO FUNDAMENTAL NOSSA SENHORA APARECIDA,"RUA SÃO CARLOS, 199, NOSSA SENHORA APARECIDA",525,1,0,1
72,Passo da Areia,ESCOLA MUNICIPAL DE ENSINO FUNDAMENTAL JERÔNIMO PORTO,"RODOVIA ACRÍSIO MARTINS PRATES, 3600, PASSO DA AREIA",49,2,2,4
72,Passo da Areia,ESCOLA MUNICIPAL DE ENSINO FUNDAMENTAL QUATORZE DE SETEMBRO,"ESTRADA DA QUEBRADA, AVIPAL, CURRAL DA MACEGA, PASSO DA AREIA",55,1,0,1
72,Planalto,ESCOLA MUNICIPAL DE ENSINO FUNDAMENTAL ARAÇÁ,"RUA JUAZEIRO, 210, PLANALTO",298,1,0,1
72,Planalto,ESCOLA MUNICIPAL DE ENSINO FUNDAMENTAL ARAÇÁ,"RUA JUAZEIRO, 210, PLANALTO",317,3,4,7
72,Planalto,ESCOLA MUNICIPAL DE ENSINO FUNDAMENTAL ARAÇÁ,"RUA JUAZEIRO, 210, PLANALTO",346,0,3,3
72,Planalto,ESCOLA MUNICIPAL DE ENSINO FUNDAMENTAL ARAÇÁ,"RUA JUAZEIRO, 210, PLANALTO",529,1,0,1
72,Planalto,ESCOLA MUNICIPAL DE ENSINO FUNDAMENTAL BRASÍLIA,"RUA PLANALTO, S/N, PLANALTO",260,6,4,10
72,Planalto,ESCOLA MUNICIPAL DE ENSINO FUNDAMENTAL BRASÍLIA,"RUA PLANALTO, S/N, PLANALTO",319,3,3,6
72,Planalto,ESCOLA MUNICIPAL DE ENSINO FUNDAMENTAL BRASÍLIA,"RUA PLANALTO, S/N, PLANALTO",354,0,4,4
72,Planalto,ESCOLA MUNICIPAL DE ENSINO FUNDAMENTAL BRASÍLIA,"RUA PLANALTO, S/N, PLANALTO",435,2,2,4
72,Santa Cecília,(POLI) ESCOLA ESTADUAL ALCEBIADES AZEREDO DOS SANTOS,"RUA ALCEBIADES AZEREDO DOS SANTOS, S/N, CECÍLIA",36,2,0,2
72,Santa Cecília,(POLI) ESCOLA ESTADUAL ALCEBIADES AZEREDO DOS SANTOS,"RUA ALCEBIADES AZEREDO DOS SANTOS, S/N, CECÍLIA",63,3,0,3
72,Santa Cecília,(POLI) ESCOLA ESTADUAL ALCEBIADES AZEREDO DOS SANTOS,"RUA ALCEBIADES AZEREDO DOS SANTOS, S/N, CECÍLIA",113,4,1,5
72,Santa Cecília,(POLI) ESCOLA ESTADUAL ALCEBIADES AZEREDO DOS SANTOS,"RUA ALCEBIADES AZEREDO DOS SANTOS, S/N, CECÍLIA",142,1,0,1
72,Santa Cecília,(POLI) ESCOLA ESTADUAL ALCEBIADES AZEREDO DOS SANTOS,"RUA ALCEBIADES AZEREDO DOS SANTOS, S/N, CECÍLIA",172,1,0,1
72,Santa Cecília,(POLI) ESCOLA ESTADUAL ALCEBIADES AZEREDO DOS SANTOS,"RUA ALCEBIADES AZEREDO DOS SANTOS, S/N, CECÍLIA",190,3,0,3
72,Santa Cecília,(POLI) ESCOLA ESTADUAL ALCEBIADES AZEREDO DOS SANTOS,"RUA ALCEBIADES AZEREDO DOS SANTOS, S/N, CECÍLIA",202,5,2,7
72,Santa Cecília,(POLI) ESCOLA ESTADUAL ALCEBIADES AZEREDO DOS SANTOS,"RUA ALCEBIADES AZEREDO DOS SANTOS, S/N, CECÍLIA",228,1,0,1
72,Santa Cecília,(POLI) ESCOLA ESTADUAL ALCEBIADES AZEREDO DOS SANTOS,"RUA ALCEBIADES AZEREDO DOS SANTOS, S/N, CECÍLIA",441,3,0,3
72,Santa Cecília,(POLI) ESCOLA ESTADUAL ALCEBIADES AZEREDO DOS SANTOS,"RUA ALCEBIADES AZEREDO DOS SANTOS, S/N, CECÍLIA",464,4,2,6
72,Santa Cecília,ESCOLA MUNICIPAL DE EDUCAÇÃO INFANTIL SANTA CECÍLIA,"R. MOISÉS BONETT, 29, CECÍLIA",263,1,0,1
72,Santa Cecília,ESCOLA MUNICIPAL DE ENSINO FUNDAMENTAL ALBERTO SANTOS DUMONT,"RUA GUARARAPES, S/N - PDA. 39, CECÍLIA",252,0,1,1
72,Santa Cecília,ESCOLA MUNICIPAL DE ENSINO FUNDAMENTAL SANTA CECÍLIA,"RUA COLORADO, 450, CECÍLIA",251,3,3,6
72,Santa Cecília,ESCOLA MUNICIPAL DE ENSINO FUNDAMENTAL SANTA CECÍLIA,"RUA COLORADO, 450, CECÍLIA",285,3,0,3
72,Santa Cecília,ESCOLA MUNICIPAL DE ENSINO FUNDAMENTAL SANTA CECÍLIA,"RUA COLORADO, 450, CECÍLIA",304,1,2,3
72,Santa Cecília,ESCOLA MUNICIPAL DE ENSINO FUNDAMENTAL SANTA CECÍLIA,"RUA COLORADO, 450, CECÍLIA",332,0,1,1
72,Santa Cecília,ESCOLA MUNICIPAL DE ENSINO FUNDAMENTAL SANTA CECÍLIA,"RUA COLORADO, 450, CECÍLIA",376,0,1,1
72,Santa Cecília,ESCOLA MUNICIPAL DE ENSINO FUNDAMENTAL SANTA CECÍLIA,"RUA COLORADO, 450, CECÍLIA",405,0,1,1
72,Santa Cecília,ESCOLA MUNICIPAL DE ENSINO FUNDAMENTAL VINTE DE SETEMBRO,"AVENIDA PLÁCIDO MOTTIN, 1097, CECÍLIA",28,2,0,2
72,Santa Cecília,ESCOLA MUNICIPAL DE ENSINO FUNDAMENTAL VINTE DE SETEMBRO,"AVENIDA PLÁCIDO MOTTIN, 1097, CECÍLIA",140,1,0,1
72,Santa Cecília,ESCOLA MUNICIPAL DE ENSINO FUNDAMENTAL VINTE DE SETEMBRO,"AVENIDA PLÁCIDO MOTTIN, 1097, CECÍLIA",196,1,0,1
72,Santa Cecília,ESCOLA MUNICIPAL DE ENSINO FUNDAMENTAL VINTE DE SETEMBRO,"AVENIDA PLÁCIDO MOTTIN, 1097, CECÍLIA",217,1,1,2
72,Santa Cecília,ESCOLA MUNICIPAL DE ENSINO FUNDAMENTAL VINTE DE SETEMBRO,"AVENIDA PLÁCIDO MOTTIN, 1097, CECÍLIA",235,3,2,5
72,Santa Cecília,ESCOLA MUNICIPAL DE ENSINO FUNDAMENTAL VINTE DE SETEMBRO,"AVENIDA PLÁCIDO MOTTIN, 1097, CECÍLIA",421,1,0,1
72,Santa Cecília,ESCOLA MUNICIPAL DE ENSINO FUNDAMENTAL VINTE DE SETEMBRO,"AVENIDA PLÁCIDO MOTTIN, 1097, CECÍLIA",444,2,0,2
72,Santa Cecília,ESCOLA MUNICIPAL DE ENSINO FUNDAMENTAL VINTE DE SETEMBRO,"AVENIDA PLÁCIDO MOTTIN, 1097, CECÍLIA",526,3,0,3
72,Santa Cecília,ESCOLA MUNICIPAL DE ENSINO FUNDAMENTAL ÉRICO VERISSIMO,"RUA DA HIDRÁULICA, 773, CECÍLIA",297,0,2,2
72,Santa Cecília,INSTITUTO ESTADUAL DE EDUCAÇÃO ISABEL DE ESPANHA,"AVENIDA SENADOR SALGADO FILHO, 1579, CECÍLIA",17,2,2,4
72,Santa Cecília,INSTITUTO ESTADUAL DE EDUCAÇÃO ISABEL DE ESPANHA,"AVENIDA SENADOR SALGADO FILHO, 1579, CECÍLIA",61,0,2,2
72,Santa Cecília,INSTITUTO ESTADUAL DE EDUCAÇÃO ISABEL DE ESPANHA,"AVENIDA SENADOR SALGADO FILHO, 1579, CECÍLIA",80,0,1,1
72,Santa Cecília,INSTITUTO ESTADUAL DE EDUCAÇÃO ISABEL DE ESPANHA,"AVENIDA SENADOR SALGADO FILHO, 1579, CECÍLIA",117,0,1,1
72,Santa Cecília,INSTITUTO ESTADUAL DE EDUCAÇÃO ISABEL DE ESPANHA,"AVENIDA SENADOR SALGADO FILHO, 1579, CECÍLIA",141,0,1,1
72,Santa Cecília,INSTITUTO ESTADUAL DE EDUCAÇÃO ISABEL DE ESPANHA,"AVENIDA SENADOR SALGADO FILHO, 1579, CECÍLIA",169,0,1,1
72,Santa Cecília,INSTITUTO ESTADUAL DE EDUCAÇÃO ISABEL DE ESPANHA,"AVENIDA SENADOR SALGADO FILHO, 1579, CECÍLIA",187,1,1,2
72,Santa Cecília,INSTITUTO ESTADUAL DE EDUCAÇÃO ISABEL DE ESPANHA,"AVENIDA SENADOR SALGADO FILHO, 1579, CECÍLIA",205,1,0,1
72,Santa Cecília,INSTITUTO ESTADUAL DE EDUCAÇÃO ISABEL DE ESPANHA,"AVENIDA SENADOR SALGADO FILHO, 1579, CECÍLIA",273,1,0,1
72,Santa Cecília,INSTITUTO ESTADUAL DE EDUCAÇÃO ISABEL DE ESPANHA,"AVENIDA SENADOR SALGADO FILHO, 1579, CECÍLIA",340,0,1,1
72,Santa Cecília,INSTITUTO ESTADUAL DE EDUCAÇÃO ISABEL DE ESPANHA,"AVENIDA SENADOR SALGADO FILHO, 1579, CECÍLIA",348,0,1,1
72,Santa Cecília,INSTITUTO ESTADUAL DE EDUCAÇÃO ISABEL DE ESPANHA,"AVENIDA SENADOR SALGADO FILHO, 1579, CECÍLIA",461,0,1,1
72,Santa Isabel,ESCOLA ESTADUAL DE ENSINO FUNDAMENTAL WALT DISNEY,"RUA MEDIANEIRA, 648, SANTA ISABEL",10,1,0,1
72,Santa Isabel,ESCOLA ESTADUAL DE ENSINO FUNDAMENTAL WALT DISNEY,"RUA MEDIANEIRA, 648, SANTA ISABEL",68,1,0,1
72,Santa Isabel,ESCOLA ESTADUAL DE ENSINO FUNDAMENTAL WALT DISNEY,"RUA MEDIANEIRA, 648, SANTA ISABEL",100,3,0,3
72,Santa Isabel,ESCOLA ESTADUAL DE ENSINO FUNDAMENTAL WALT DISNEY,"RUA MEDIANEIRA, 648, SANTA ISABEL",151,1,0,1
72,Santa Isabel,ESCOLA ESTADUAL DE ENSINO FUNDAMENTAL WALT DISNEY,"RUA MEDIANEIRA, 648, SANTA ISABEL",189,1,1,2
72,Santa Isabel,ESCOLA ESTADUAL DE ENSINO FUNDAMENTAL WALT DISNEY,"RUA MEDIANEIRA, 648, SANTA ISABEL",222,1,1,2
72,Santa Isabel,ESCOLA ESTADUAL DE ENSINO FUNDAMENTAL WALT DISNEY,"RUA MEDIANEIRA, 648, SANTA ISABEL",527,3,0,3
72,Santa Isabel,ESCOLA MUNICIPAL DE EDUCAÇÃO INFANTIL CARLOS CHAGAS,"RUA TRIÂNGULO, S/N, SANTA ISABEL",447,1,0,1
72,Santa Isabel,ESCOLA MUNICIPAL DE ENSINO FUNDAMENTAL ALBERTO PASQUALINI,"RUA CASEMIRO DE ABREU, 385, SANTA ISABEL",22,1,0,1
72,Santa Isabel,ESCOLA MUNICIPAL DE ENSINO FUNDAMENTAL ALBERTO PASQUALINI,"RUA CASEMIRO DE ABREU, 385, SANTA ISABEL",58,4,1,5
72,Santa Isabel,ESCOLA MUNICIPAL DE ENSINO FUNDAMENTAL ALBERTO PASQUALINI,"RUA CASEMIRO DE ABREU, 385, SANTA ISABEL",76,0,1,1
72,Santa Isabel,ESCOLA MUNICIPAL DE ENSINO FUNDAMENTAL ALBERTO PASQUALINI,"RUA CASEMIRO DE ABREU, 385, SANTA ISABEL",99,2,0,2
72,Santa Isabel,ESCOLA MUNICIPAL DE ENSINO FUNDAMENTAL ALBERTO PASQUALINI,"RUA CASEMIRO DE ABREU, 385, SANTA ISABEL",123,1,0,1
72,Santa Isabel,ESCOLA MUNICIPAL DE ENSINO FUNDAMENTAL ALBERTO PASQUALINI,"RUA CASEMIRO DE ABREU, 385, SANTA ISABEL",133,0,1,1
72,Santa Isabel,ESCOLA MUNICIPAL DE ENSINO FUNDAMENTAL ALBERTO PASQUALINI,"RUA CASEMIRO DE ABREU, 385, SANTA ISABEL",180,2,0,2
72,Santa Isabel,ESCOLA MUNICIPAL DE ENSINO FUNDAMENTAL ALBERTO PASQUALINI,"RUA CASEMIRO DE ABREU, 385, SANTA ISABEL",203,1,0,1
72,Santa Isabel,ESCOLA MUNICIPAL DE ENSINO FUNDAMENTAL ALBERTO PASQUALINI,"RUA CASEMIRO DE ABREU, 385, SANTA ISABEL",220,0,1,1
72,Santa Isabel,ESCOLA MUNICIPAL DE ENSINO FUNDAMENTAL ALBERTO PASQUALINI,"RUA CASEMIRO DE ABREU, 385, SANTA ISABEL",238,1,1,2
72,Santa Isabel,ESCOLA MUNICIPAL DE ENSINO FUNDAMENTAL SANTA ISABEL,"RUA RINCÃO DA QUERÊNCIA, 59, SANTA ISABEL",278,1,0,1
72,Santa Isabel,ESCOLA MUNICIPAL DE ENSINO FUNDAMENTAL SANTA ISABEL,"RUA RINCÃO DA QUERÊNCIA, 59, SANTA ISABEL",283,1,0,1
72,Santa Isabel,ESCOLA MUNICIPAL DE ENSINO FUNDAMENTAL SANTA ISABEL,"RUA RINCÃO DA QUERÊNCIA, 59, SANTA ISABEL",409,0,1,1
72,Santa Isabel,ESCOLA MUNICIPAL DE ENSINO FUNDAMENTAL SANTA ISABEL,"RUA RINCÃO DA QUERÊNCIA, 59, SANTA ISABEL",522,1,1,2
72,São Tomé,ESCOLA ESTADUAL DE ENSINO MÉDIO BARÃO DE LUCENA,"RUA DA SAUDADE, 16, SÃO TOMÉ",31,0,1,1
72,São Tomé,ESCOLA ESTADUAL DE ENSINO MÉDIO BARÃO DE LUCENA,"RUA DA SAUDADE, 16, SÃO TOMÉ",73,1,1,2
72,São Tomé,ESCOLA ESTADUAL DE ENSINO MÉDIO BARÃO DE LUCENA,"RUA DA SAUDADE, 16, SÃO TOMÉ",93,1,0,1
72,São Tomé,ESCOLA ESTADUAL DE ENSINO MÉDIO BARÃO DE LUCENA,"RUA DA SAUDADE, 16, SÃO TOMÉ",122,1,1,2
72,São Tomé,ESCOLA ESTADUAL DE ENSINO MÉDIO BARÃO DE LUCENA,"RUA DA SAUDADE, 16, SÃO TOMÉ",161,0,1,1
72,São Tomé,ESCOLA ESTADUAL DE ENSINO MÉDIO BARÃO DE LUCENA,"RUA DA SAUDADE, 16, SÃO TOMÉ",272,1,1,2
72,São Tomé,ESCOLA ESTADUAL DE ENSINO MÉDIO BARÃO DE LUCENA,"RUA DA SAUDADE, 16, SÃO TOMÉ",314,3,1,4
72,São Tomé,ESCOLA ESTADUAL DE ENSINO MÉDIO BARÃO DE LUCENA,"RUA DA SAUDADE, 16, SÃO TOMÉ",442,0,1,1
72,São Tomé,ESCOLA ESTADUAL DE ENSINO MÉDIO BARÃO DE LUCENA,"RUA DA SAUDADE, 16, SÃO TOMÉ",462,0,2,2
72,São Tomé,ESCOLA ESTADUAL DE ENSINO MÉDIO BARÃO DE LUCENA,"RUA DA SAUDADE, 16, SÃO TOMÉ",530,2,0,2
72,Sítios,ESCOLA MUNICIPAL DE ENSINO FUNDAMENTAL JOSÉ LOUREIRO DA SILVA,"ESTRADA JOÃO PEDRO DELGADO SOBRINHO, 100, SÍTIOS",429,1,1,2
72,Viamópolis,ESCOLA ESTADUAL DE ENSINO MÉDIO PROFESSOR TOLENTINO MAIA,"RUA DOM PEDRITO, 130, VIAMÓPOLIS",14,2,2,4
72,Viamópolis,ESCOLA ESTADUAL DE ENSINO MÉDIO PROFESSOR TOLENTINO MAIA,"RUA DOM PEDRITO, 130, VIAMÓPOLIS",15,1,1,2
72,Viamópolis,ESCOLA ESTADUAL DE ENSINO MÉDIO PROFESSOR TOLENTINO MAIA,"RUA DOM PEDRITO, 130, VIAMÓPOLIS",94,1,1,2
72,Viamópolis,ESCOLA ESTADUAL DE ENSINO MÉDIO PROFESSOR TOLENTINO MAIA,"RUA DOM PEDRITO, 130, VIAMÓPOLIS",103,1,1,2
72,Viamópolis,ESCOLA ESTADUAL DE ENSINO MÉDIO PROFESSOR TOLENTINO MAIA,"RUA DOM PEDRITO, 130, VIAMÓPOLIS",149,2,0,2
72,Viamópolis,ESCOLA ESTADUAL DE ENSINO MÉDIO PROFESSOR TOLENTINO MAIA,"RUA DOM PEDRITO, 130, VIAMÓPOLIS",241,2,1,3
72,Viamópolis,ESCOLA ESTADUAL DE ENSINO MÉDIO PROFESSOR TOLENTINO MAIA,"RUA DOM PEDRITO, 130, VIAMÓPOLIS",262,1,0,1
72,Viamópolis,ESCOLA ESTADUAL DE ENSINO MÉDIO PROFESSOR TOLENTINO MAIA,"RUA DOM PEDRITO, 130, VIAMÓPOLIS",284,2,0,2
72,Viamópolis,ESCOLA ESTADUAL DE ENSINO MÉDIO PROFESSOR TOLENTINO MAIA,"RUA DOM PEDRITO, 130, VIAMÓPOLIS",321,0,1,1
72,Viamópolis,ESCOLA ESTADUAL DE ENSINO MÉDIO PROFESSOR TOLENTINO MAIA,"RUA DOM PEDRITO, 130, VIAMÓPOLIS",373,0,1,1
